item	itemLabel
http://www.wikidata.org/entity/Q7737	Russian
http://www.wikidata.org/entity/Q10134	Klingon
http://www.wikidata.org/entity/Q25167	Bokmål
http://www.wikidata.org/entity/Q25164	Nynorsk
http://www.wikidata.org/entity/Q150	French
http://www.wikidata.org/entity/Q35497	Ancient Greek
http://www.wikidata.org/entity/Q1321	Spanish
http://www.wikidata.org/entity/Q9027	Swedish
http://www.wikidata.org/entity/Q9035	Danish
http://www.wikidata.org/entity/Q56356571	New Persian
http://www.wikidata.org/entity/Q809	Polish
http://www.wikidata.org/entity/Q1860	English
http://www.wikidata.org/entity/Q9176	Korean
http://www.wikidata.org/entity/Q33638	Manchu
http://www.wikidata.org/entity/Q36126	Komi
http://www.wikidata.org/entity/Q192170	Prakrit
http://www.wikidata.org/entity/Q3124623	Gandhari
http://www.wikidata.org/entity/Q5146	Portuguese
http://www.wikidata.org/entity/Q5287	Japanese
http://www.wikidata.org/entity/Q11051	Hindustani
http://www.wikidata.org/entity/Q11059	Sanskrit
http://www.wikidata.org/entity/Q36236	Malayalam
http://www.wikidata.org/entity/Q35518	Akkadian
http://www.wikidata.org/entity/Q36790	Sumerian
http://www.wikidata.org/entity/Q8641	Yiddish
http://www.wikidata.org/entity/Q12107	Breton
http://www.wikidata.org/entity/Q652	Italian
http://www.wikidata.org/entity/Q8108	Georgian
http://www.wikidata.org/entity/Q8798	Ukrainian
http://www.wikidata.org/entity/Q9056	Czech
http://www.wikidata.org/entity/Q9142	Irish
http://www.wikidata.org/entity/Q9237	Malay
http://www.wikidata.org/entity/Q13389	Bashkir
http://www.wikidata.org/entity/Q30005	Ewe
http://www.wikidata.org/entity/Q188	German
http://www.wikidata.org/entity/Q33454	Fula
http://www.wikidata.org/entity/Q33902	Saraiki
http://www.wikidata.org/entity/Q33997	Sindhi
http://www.wikidata.org/entity/Q35505	Old Norse
http://www.wikidata.org/entity/Q58635	Punjabi
http://www.wikidata.org/entity/Q36163	Kurmanji
http://www.wikidata.org/entity/Q727694	Standard Chinese
http://www.wikidata.org/entity/Q9168	Persian
http://www.wikidata.org/entity/Q36495	Southern Min
http://www.wikidata.org/entity/Q9610	Bangla
http://www.wikidata.org/entity/Q13955	Arabic
http://www.wikidata.org/entity/Q382273	Hindko
http://www.wikidata.org/entity/Q2665246	Torwali
http://www.wikidata.org/entity/Q9199	Vietnamese
http://www.wikidata.org/entity/Q33989	Sranan Tongo
http://www.wikidata.org/entity/Q616419	Apabhraṃśa
http://www.wikidata.org/entity/Q32238	Dagbanli
http://www.wikidata.org/entity/Q7850	Chinese
http://www.wikidata.org/entity/Q6654	Croatian
http://www.wikidata.org/entity/Q9246	Mongolian
http://www.wikidata.org/entity/Q256	Turkish
http://www.wikidata.org/entity/Q33410	Haryanvi
http://www.wikidata.org/entity/Q33552	Kashmiri
http://www.wikidata.org/entity/Q3436689	Brazilian Sign Language
http://www.wikidata.org/entity/Q33578	Igbo
http://www.wikidata.org/entity/Q29540	Bavarian
http://www.wikidata.org/entity/Q397	Latin
http://www.wikidata.org/entity/Q9166	Maltese
http://www.wikidata.org/entity/Q7838	Swahili
http://www.wikidata.org/entity/Q118976896	Old Indo-Aryan
http://www.wikidata.org/entity/Q3657773	Proto-Turkic
http://www.wikidata.org/entity/Q13263	Uyghur
http://www.wikidata.org/entity/Q14759	American Sign Language
http://www.wikidata.org/entity/Q25285	Tatar
http://www.wikidata.org/entity/Q58680	Pashto
http://www.wikidata.org/entity/Q294	Icelandic
http://www.wikidata.org/entity/Q9063	Slovene
http://www.wikidata.org/entity/Q33728	Magahi
http://www.wikidata.org/entity/Q8765	Aragonese
http://www.wikidata.org/entity/Q33282	German Sign Language
http://www.wikidata.org/entity/Q36778	Taiwanese Hokkien
http://www.wikidata.org/entity/Q36831	Chagatai
http://www.wikidata.org/entity/Q669623	Proto-Germanic
http://www.wikidata.org/entity/Q837985	Middle High German
http://www.wikidata.org/entity/Q13138608	Proto-West Germanic
http://www.wikidata.org/entity/Q35218	Old High German
http://www.wikidata.org/entity/Q36395	Middle English
http://www.wikidata.org/entity/Q37178	Proto-Indo-European
http://www.wikidata.org/entity/Q42365	Old English
http://www.wikidata.org/entity/Q2493677	Proto-Mongolic
http://www.wikidata.org/entity/Q33634	Kalmyk
http://www.wikidata.org/entity/Q7411	Dutch
http://www.wikidata.org/entity/Q85872335	Proto-Tungusic
http://www.wikidata.org/entity/Q8752	Basque
http://www.wikidata.org/entity/Q143	Esperanto
http://www.wikidata.org/entity/Q34159	Tok Pisin
http://www.wikidata.org/entity/Q4900565	Bhadrawahi
http://www.wikidata.org/entity/Q11883720	Proto-Finnic
http://www.wikidata.org/entity/Q32858	Votic
http://www.wikidata.org/entity/Q9078	Latvian
http://www.wikidata.org/entity/Q4426878	Soyot
http://www.wikidata.org/entity/Q30319	Silesian
http://www.wikidata.org/entity/Q33459	Garhwali
http://www.wikidata.org/entity/Q33823	Nepali
http://www.wikidata.org/entity/Q36109	Maithili
http://www.wikidata.org/entity/Q56312	Marwari
http://www.wikidata.org/entity/Q9240	Indonesian
http://www.wikidata.org/entity/Q2417210	Old Swedish
http://www.wikidata.org/entity/Q7918	Bulgarian
http://www.wikidata.org/entity/Q9228	Burmese
http://www.wikidata.org/entity/Q36510	Modern Greek
http://www.wikidata.org/entity/Q747537	Proto-Slavic
http://www.wikidata.org/entity/Q35224	Ido
http://www.wikidata.org/entity/Q32979	Choctaw
http://www.wikidata.org/entity/Q13223	Xibe
http://www.wikidata.org/entity/Q34271	Tibetan
http://www.wikidata.org/entity/Q1412	Finnish
http://www.wikidata.org/entity/Q146803	Lingua Franca Nova
http://www.wikidata.org/entity/Q27175	West Frisian
http://www.wikidata.org/entity/Q28244	Amharic
http://www.wikidata.org/entity/Q33000	British Sign Language
http://www.wikidata.org/entity/Q1571	Marathi
http://www.wikidata.org/entity/Q36451	Māori
http://www.wikidata.org/entity/Q11991601	Niya Prakit
http://www.wikidata.org/entity/Q56756	Caddo
http://www.wikidata.org/entity/Q33673	Kannada
http://www.wikidata.org/entity/Q9288	Hebrew
http://www.wikidata.org/entity/Q33569	Hawaiian
http://www.wikidata.org/entity/Q33894	Gawar-Bati
http://www.wikidata.org/entity/Q33202	Brahui
http://www.wikidata.org/entity/Q35499	Old Church Slavonic
http://www.wikidata.org/entity/Q28378	Angika
http://www.wikidata.org/entity/Q22964057	Pakistan Sign Language
http://www.wikidata.org/entity/Q113754817	Indian Sign Language
http://www.wikidata.org/entity/Q1063911	Talossan
http://www.wikidata.org/entity/Q3250286	Hakha–Chin
http://www.wikidata.org/entity/Q5278158	Dingal
http://www.wikidata.org/entity/Q36350	Lojban
http://www.wikidata.org/entity/Q56383	Quenya
http://www.wikidata.org/entity/Q34004	Shona
http://www.wikidata.org/entity/Q35501	Old Prussian
http://www.wikidata.org/entity/Q5885	Tamil
http://www.wikidata.org/entity/Q25433	Low German
http://www.wikidata.org/entity/Q1473289	Middle French
http://www.wikidata.org/entity/Q9058	Slovak
http://www.wikidata.org/entity/Q5736700	Old Japanese
http://www.wikidata.org/entity/Q6841465	Middle Iranian
http://www.wikidata.org/entity/Q34233	Okinawan
http://www.wikidata.org/entity/Q56944	Tupi
http://www.wikidata.org/entity/Q3924309	Proto-Japonic
http://www.wikidata.org/entity/Q3092293	Maonan
http://www.wikidata.org/entity/Q34008	Selkup
http://www.wikidata.org/entity/Q36453	Mator
http://www.wikidata.org/entity/Q56475	Hausa
http://www.wikidata.org/entity/Q36986	Volapük
http://www.wikidata.org/entity/Q1702853	Proto-Dravidian
http://www.wikidata.org/entity/Q9217	Thai
http://www.wikidata.org/entity/Q13267	Sinhala
http://www.wikidata.org/entity/Q34142	Tausug
http://www.wikidata.org/entity/Q35850	Interlingue
http://www.wikidata.org/entity/Q13216	Zhuang
http://www.wikidata.org/entity/Q3812406	Tirahi
http://www.wikidata.org/entity/Q85799728	Sarazi
http://www.wikidata.org/entity/Q25355	Greenlandic
http://www.wikidata.org/entity/Q1353320	Shina
http://www.wikidata.org/entity/Q2426319	Bagri
http://www.wikidata.org/entity/Q13248	Upper Sorbian
http://www.wikidata.org/entity/Q19927274	Melanesian Pidgin
http://www.wikidata.org/entity/Q9314	Scottish Gaelic
http://www.wikidata.org/entity/Q33557	Karelian
http://www.wikidata.org/entity/Q49230	Proto-Austronesian
http://www.wikidata.org/entity/Q36211	Crimean Gothic
http://www.wikidata.org/entity/Q1137945	Andalusi Arabic
http://www.wikidata.org/entity/Q36116	Middle Irish
http://www.wikidata.org/entity/Q6444265	Kundal Shahi
http://www.wikidata.org/entity/Q7913	Romanian
http://www.wikidata.org/entity/Q7049771	Noongar
http://www.wikidata.org/entity/Q56648796	Proto-Brythonic
http://www.wikidata.org/entity/Q12175	Manx
http://www.wikidata.org/entity/Q13286	Lower Sorbian
http://www.wikidata.org/entity/Q32288	Dameli
http://www.wikidata.org/entity/Q32900	Dawoodi
http://www.wikidata.org/entity/Q33295	Fijian
http://www.wikidata.org/entity/Q35934	Interlingua
http://www.wikidata.org/entity/Q2331560	Kangri
http://www.wikidata.org/entity/Q2097387	Welsh Romani
http://www.wikidata.org/entity/Q2669199	Vlax Romani
http://www.wikidata.org/entity/Q107647440	Gulf Pidgin Arabic
http://www.wikidata.org/entity/Q33810	Odia
http://www.wikidata.org/entity/Q35394	Domari
http://www.wikidata.org/entity/Q56385	Gulf Arabic
http://www.wikidata.org/entity/Q2377483	Old West Norse
http://www.wikidata.org/entity/Q2495696	Lomavren
http://www.wikidata.org/entity/Q12313492	Middle Danish
http://www.wikidata.org/entity/Q12330003	Old Danish
http://www.wikidata.org/entity/Q32656	Maldivian
http://www.wikidata.org/entity/Q216286	Burushaski
http://www.wikidata.org/entity/Q938216	Khowar
http://www.wikidata.org/entity/Q1675961	Gawri
http://www.wikidata.org/entity/Q2449549	Palula
http://www.wikidata.org/entity/Q3474654	Savi
http://www.wikidata.org/entity/Q4167865	Proto-Iranian
http://www.wikidata.org/entity/Q7049385	Nong Zhuang
http://www.wikidata.org/entity/Q7251862	Proto-Sámi
http://www.wikidata.org/entity/Q23808344	Proto-Indo-Aryan
http://www.wikidata.org/entity/Q117211630	Laurowani
http://www.wikidata.org/entity/Q117212055	Laghmani
http://www.wikidata.org/entity/Q117212080	Gulbahari
http://www.wikidata.org/entity/Q117212095	Shutuli
http://www.wikidata.org/entity/Q13271	Skolt Sami
http://www.wikidata.org/entity/Q13293	Southern Sami
http://www.wikidata.org/entity/Q32063	Middle Persian
http://www.wikidata.org/entity/Q33049	Balochi
http://www.wikidata.org/entity/Q33399	Indus Kohistani
http://www.wikidata.org/entity/Q33416	Kalasha
http://www.wikidata.org/entity/Q33462	Inari Sami
http://www.wikidata.org/entity/Q33656	Kildin Sami
http://www.wikidata.org/entity/Q33777	Shumashti
http://www.wikidata.org/entity/Q33947	Northern Sami
http://www.wikidata.org/entity/Q56322	Lule Sami
http://www.wikidata.org/entity/Q56415	Ume Sami
http://www.wikidata.org/entity/Q6443148	Kullui
http://www.wikidata.org/entity/Q8097	Telugu
http://www.wikidata.org/entity/Q33483	Kota
http://www.wikidata.org/entity/Q33531	Kodava
http://www.wikidata.org/entity/Q34042	Toda
http://www.wikidata.org/entity/Q34251	Tulu
http://www.wikidata.org/entity/Q35308	Old Irish
http://www.wikidata.org/entity/Q35222	Old French
http://www.wikidata.org/entity/Q13199	Romansh
http://www.wikidata.org/entity/Q3549180	Unami
http://www.wikidata.org/entity/Q7251834	Proto-Algonquian
http://www.wikidata.org/entity/Q9301	Serbo-Croatian
http://www.wikidata.org/entity/Q56523	Miami-Illinois
http://www.wikidata.org/entity/Q2605298	Danish Sign Language
http://www.wikidata.org/entity/Q3073428	Korean Sign Language
http://www.wikidata.org/entity/Q5201809	Czech Sign Language
http://www.wikidata.org/entity/Q16653174	Western Canadian Inuktitut
http://www.wikidata.org/entity/Q20085721	Tsimshian
http://www.wikidata.org/entity/Q21117	Central Alaskan Yup'ik
http://www.wikidata.org/entity/Q27183	Iñupiaq
http://www.wikidata.org/entity/Q33205	Badaga
http://www.wikidata.org/entity/Q13356	Mazanderani
http://www.wikidata.org/entity/Q2727930	Tangut
http://www.wikidata.org/entity/Q7251864	Proto-Tibeto-Burman
http://www.wikidata.org/entity/Q7709348	Thakali
http://www.wikidata.org/entity/Q14194500	Liangmai Naga
http://www.wikidata.org/entity/Q24839178	Proto-Sino-Tibetan
http://www.wikidata.org/entity/Q56412	Idu Mishmi
http://www.wikidata.org/entity/Q56442	Bahing
http://www.wikidata.org/entity/Q20523999	Slovenian Sign Language
http://www.wikidata.org/entity/Q6850761	Milang
http://www.wikidata.org/entity/Q35947	Kokborok
http://www.wikidata.org/entity/Q36741	Polabian
http://www.wikidata.org/entity/Q56374	Khoirao
http://www.wikidata.org/entity/Q56553	Thulung
http://www.wikidata.org/entity/Q787610	Middle Breton
http://www.wikidata.org/entity/Q3120647	Guiqiong
http://www.wikidata.org/entity/Q3414352	Choyo
http://www.wikidata.org/entity/Q11089833	Pumi
http://www.wikidata.org/entity/Q117469295	Proto-Tamang
http://www.wikidata.org/entity/Q116773224	Proto-Lolo-Burmese
http://www.wikidata.org/entity/Q56337	Shixing
http://www.wikidata.org/entity/Q56563	Southern Qiang
http://www.wikidata.org/entity/Q56582	Achang
http://www.wikidata.org/entity/Q2640637	Parachi
http://www.wikidata.org/entity/Q29579	Awadhi
http://www.wikidata.org/entity/Q56306	Apatani
http://www.wikidata.org/entity/Q56406	Derung
http://www.wikidata.org/entity/Q117479732	Proto-Oromoid
http://www.wikidata.org/entity/Q33864	Oromo
http://www.wikidata.org/entity/Q56624	Konso
http://www.wikidata.org/entity/Q56809	Dirasha
http://www.wikidata.org/entity/Q3322093	South African Sign Language
http://www.wikidata.org/entity/Q3915194	Polish Sign Language
http://www.wikidata.org/entity/Q13324	Minangkabau
http://www.wikidata.org/entity/Q35601	Japanese Sign Language
http://www.wikidata.org/entity/Q36668	Austrian Sign Language
http://www.wikidata.org/entity/Q56408	Puroik
http://www.wikidata.org/entity/Q505674	Middle Low German
http://www.wikidata.org/entity/Q5137	Gujarati
http://www.wikidata.org/entity/Q1658554	Proto-Semitic
http://www.wikidata.org/entity/Q7251842	Proto-Inuit-Yupik
http://www.wikidata.org/entity/Q2109432	Tillamook
http://www.wikidata.org/entity/Q35991	Kamas
http://www.wikidata.org/entity/Q1671294	Proto-Norse
http://www.wikidata.org/entity/Q5555465	Ghanaian Pidgin English
http://www.wikidata.org/entity/Q7026	Catalan
http://www.wikidata.org/entity/Q9192	Mandarin
http://www.wikidata.org/entity/Q35668	Hittite
http://www.wikidata.org/entity/Q4294063	Mingo
http://www.wikidata.org/entity/Q49741	Central Atlas Tamazight
http://www.wikidata.org/entity/Q9051	Luxembourgish
http://www.wikidata.org/entity/Q9067	Hungarian
http://www.wikidata.org/entity/Q4670066	Tamasheq
http://www.wikidata.org/entity/Q104847952	Proto-South Dravidian
http://www.wikidata.org/entity/Q3236316	Middle Indo-Aryan
http://www.wikidata.org/entity/Q29401	Assamese
http://www.wikidata.org/entity/Q34311	Yoruba
http://www.wikidata.org/entity/Q33151	Banjar
http://www.wikidata.org/entity/Q3111668	Gun
http://www.wikidata.org/entity/Q9264	Uzbek
http://www.wikidata.org/entity/Q2779185	Old Occitan
http://www.wikidata.org/entity/Q1248221	Neo-Latin
http://www.wikidata.org/entity/Q33368	Luganda
http://www.wikidata.org/entity/Q3183144	Malecite-Passamaquoddy
http://www.wikidata.org/entity/Q25258	Faroese
http://www.wikidata.org/entity/Q34299	Yakut
http://www.wikidata.org/entity/Q559242	Classical Nahuatl
http://www.wikidata.org/entity/Q56250	Boor
http://www.wikidata.org/entity/Q3441310	Miltu
http://www.wikidata.org/entity/Q4699526	Achomi
http://www.wikidata.org/entity/Q33549	Javanese
http://www.wikidata.org/entity/Q34057	Tagalog
http://www.wikidata.org/entity/Q2044560	Sylheti
http://www.wikidata.org/entity/Q34002	Sundanese
http://www.wikidata.org/entity/Q33357	Crimean Tatar
http://www.wikidata.org/entity/Q3906614	Meadow Mari
http://www.wikidata.org/entity/Q36850	Twi
http://www.wikidata.org/entity/Q3915517	Nanticoke
http://www.wikidata.org/entity/Q5051136	Catacao
http://www.wikidata.org/entity/Q5141893	Colan
http://www.wikidata.org/entity/Q36644	Ebrié
http://www.wikidata.org/entity/Q765922	Nagpuri
http://www.wikidata.org/entity/Q9292	Azerbaijani
http://www.wikidata.org/entity/Q118593730	Old Kosali
http://www.wikidata.org/entity/Q3327828	Mundari
http://www.wikidata.org/entity/Q119444736	Proto-Kherwarian
http://www.wikidata.org/entity/Q35214	Anglo-Norman
http://www.wikidata.org/entity/Q33086	Balti
http://www.wikidata.org/entity/Q8785	Armenian
http://www.wikidata.org/entity/Q13330	Mirandese
http://www.wikidata.org/entity/Q35390	Asturleonese
http://www.wikidata.org/entity/Q105102373	Proto-Munda
http://www.wikidata.org/entity/Q33274	Shawiya
http://www.wikidata.org/entity/Q36096	Mooré
http://www.wikidata.org/entity/Q56591	Karbi
http://www.wikidata.org/entity/Q32747	Veps
http://www.wikidata.org/entity/Q48726759	Rarhi
http://www.wikidata.org/entity/Q119845411	Para-Munda
http://www.wikidata.org/entity/Q1088025	Old Spanish
http://www.wikidata.org/entity/Q32724	Venetian
http://www.wikidata.org/entity/Q56611	Carib
http://www.wikidata.org/entity/Q9299	Serbian
http://www.wikidata.org/entity/Q2652214	Magadhi Prakrit
http://www.wikidata.org/entity/Q33529	Kumaoni
http://www.wikidata.org/entity/Q33017	Toba Batak
http://www.wikidata.org/entity/Q35225	Old Persian
http://www.wikidata.org/entity/Q3912765	Tyap
http://www.wikidata.org/entity/Q27963	Naukan Yupik
http://www.wikidata.org/entity/Q27992	Alutiiq
http://www.wikidata.org/entity/Q7419081	Sant Bhasha
http://www.wikidata.org/entity/Q34055	Tuvaluan
http://www.wikidata.org/entity/Q33375	Hakka Chinese
http://www.wikidata.org/entity/Q14196	Afrikaans
http://www.wikidata.org/entity/Q33388	Cherokee
http://www.wikidata.org/entity/Q6733460	Mahasu Pahari
http://www.wikidata.org/entity/Q9083	Lithuanian
http://www.wikidata.org/entity/Q33192	Chickasaw
http://www.wikidata.org/entity/Q33776	Palauan
http://www.wikidata.org/entity/Q34029	Yapese
http://www.wikidata.org/entity/Q36447	Pukapukan
http://www.wikidata.org/entity/Q500394	Gallo-Romance
http://www.wikidata.org/entity/Q35243	Braj Bhasha
http://www.wikidata.org/entity/Q56482	Shan
http://www.wikidata.org/entity/Q1135134	Parya
http://www.wikidata.org/entity/Q85740150	Ahirwati
http://www.wikidata.org/entity/Q13192	Qashqai
http://www.wikidata.org/entity/Q35373	Khorasani Turkic
http://www.wikidata.org/entity/Q33655	Nigerian Pidgin
http://www.wikidata.org/entity/Q9296	Macedonian
http://www.wikidata.org/entity/Q35708	Kusaal
http://www.wikidata.org/entity/Q28156	Sirenik
http://www.wikidata.org/entity/Q35482	Gola
http://www.wikidata.org/entity/Q122147087	Uzbini
http://www.wikidata.org/entity/Q2582455	Middle Mongolian
http://www.wikidata.org/entity/Q122150440	Kurangali
http://www.wikidata.org/entity/Q56319	Tundra Yukaghir
http://www.wikidata.org/entity/Q56545	Southern Yukaghir
http://www.wikidata.org/entity/Q3504233	Piscataway
http://www.wikidata.org/entity/Q9186	Cantonese
http://www.wikidata.org/entity/Q36094	Kanuri
http://www.wikidata.org/entity/Q3915462	Hausa Sign Language
http://www.wikidata.org/entity/Q33455	Khalaj
http://www.wikidata.org/entity/Q3241177	Rohingya
http://www.wikidata.org/entity/Q33963	Salar
http://www.wikidata.org/entity/Q29919	Egyptian Arabic
http://www.wikidata.org/entity/Q3408025	Proto-Bantu
http://www.wikidata.org/entity/Q3558112	Old Breton
http://www.wikidata.org/entity/Q13300	Nahuatl
http://www.wikidata.org/entity/Q33907	Sauria Paharia
http://www.wikidata.org/entity/Q122150853	Darra-i Nuri
http://www.wikidata.org/entity/Q53024383	Farvi
http://www.wikidata.org/entity/Q5232952	Taíno
http://www.wikidata.org/entity/Q9307	Galician
http://www.wikidata.org/entity/Q33845	Neapolitan language
http://www.wikidata.org/entity/Q9332749	Sahaskriti
http://www.wikidata.org/entity/Q9072	Estonian
http://www.wikidata.org/entity/Q33268	Bhojpuri
http://www.wikidata.org/entity/Q891085	Wayuu
http://www.wikidata.org/entity/Q27808413	Tavringer Romani
http://www.wikidata.org/entity/Q33284	Central Bikol
http://www.wikidata.org/entity/Q35972	Lombardic
http://www.wikidata.org/entity/Q3438770	Karai-karai
http://www.wikidata.org/entity/Q3397371	Tanapag
http://www.wikidata.org/entity/Q113559926	Old Bengali
http://www.wikidata.org/entity/Q33725	Karaim
http://www.wikidata.org/entity/Q541279	Angloromani
http://www.wikidata.org/entity/Q33754	Lombard
http://www.wikidata.org/entity/Q6164857	Jaunsari
http://www.wikidata.org/entity/Q33541	Karakalpak
http://www.wikidata.org/entity/Q5317225	Kadazandusun
http://www.wikidata.org/entity/Q8748	Albanian
http://www.wikidata.org/entity/Q30007	Extremaduran
http://www.wikidata.org/entity/Q36202	Ladin
http://www.wikidata.org/entity/Q27969	Ainu
http://www.wikidata.org/entity/Q34152	Tashelhit
http://www.wikidata.org/entity/Q36286	Ngiemboon
http://www.wikidata.org/entity/Q56509	Amdo Tibetan
http://www.wikidata.org/entity/Q33583	Kirundi
http://www.wikidata.org/entity/Q123465950	Bangla Sign Language
http://www.wikidata.org/entity/Q8054636	Yokohama Pidgin Japanese
http://www.wikidata.org/entity/Q182695	Early Middle Japanese
http://www.wikidata.org/entity/Q35470	Elamite
http://www.wikidata.org/entity/Q36880	Bulgar
http://www.wikidata.org/entity/Q98057728	Proto-Malayic
http://www.wikidata.org/entity/Q716695	Saisiyat
http://www.wikidata.org/entity/Q35936	Ilocano
http://www.wikidata.org/entity/Q35757	Láadan
http://www.wikidata.org/entity/Q21057	Gwich’in
http://www.wikidata.org/entity/Q33138	Khwarezmian
http://www.wikidata.org/entity/Q33303	Haida
http://www.wikidata.org/entity/Q56497	Shuwa
http://www.wikidata.org/entity/Q34129	Tigre
http://www.wikidata.org/entity/Q35513	Igala
http://www.wikidata.org/entity/Q107358	Koine Greek
http://www.wikidata.org/entity/Q27776	Adyghe
http://www.wikidata.org/entity/Q489691	Masurian
http://www.wikidata.org/entity/Q16315466	Old Czech
http://www.wikidata.org/entity/Q33690	Kashubian
http://www.wikidata.org/entity/Q36822	Slovincian
http://www.wikidata.org/entity/Q56384	Knaanic
http://www.wikidata.org/entity/Q112781022	Jewish Neo-Aramaic
http://www.wikidata.org/entity/Q9091	Belarusian
http://www.wikidata.org/entity/Q56470	Judeo-Shirazi
http://www.wikidata.org/entity/Q34257	Wolof
http://www.wikidata.org/entity/Q34124	Tigrinya
http://www.wikidata.org/entity/Q4279942	Mamluk-Kipchak
http://www.wikidata.org/entity/Q36727	Pali
http://www.wikidata.org/entity/Q34235	Nuosu
http://www.wikidata.org/entity/Q36155	Coptic
http://www.wikidata.org/entity/Q56630	Omani Arabic
http://www.wikidata.org/entity/Q34219	Walloon
http://www.wikidata.org/entity/Q34931	Caucasian Albanian
http://www.wikidata.org/entity/Q3510366	Hadhrami Arabic
http://www.wikidata.org/entity/Q56579	Taʽizzi-Adeni Arabic
http://www.wikidata.org/entity/Q1262143	Juba Arabic
http://www.wikidata.org/entity/Q35793	Lumbu
http://www.wikidata.org/entity/Q34075	Maore
http://www.wikidata.org/entity/Q3938	Wikipedia:Sandbox
http://www.wikidata.org/entity/Q33538	Syriac
http://www.wikidata.org/entity/Q56576	Bahrani Arabic
http://www.wikidata.org/entity/Q1815020	Alabama
http://www.wikidata.org/entity/Q35727	Fanagalo
http://www.wikidata.org/entity/Q3114653	Ngazidja Comorian
http://www.wikidata.org/entity/Q5150795	Bushi
http://www.wikidata.org/entity/Q56573	Sudanese Arabic
http://www.wikidata.org/entity/Q56578	Sanʽani Arabic
http://www.wikidata.org/entity/Q2883738	Waimahã
http://www.wikidata.org/entity/Q676492	Thao
http://www.wikidata.org/entity/Q715755	Paiwan
http://www.wikidata.org/entity/Q716599	Saaroa
http://www.wikidata.org/entity/Q718269	Sakizaya
http://www.wikidata.org/entity/Q35132	Amis
http://www.wikidata.org/entity/Q172244	Kanakanavu
http://www.wikidata.org/entity/Q715760	Yami
http://www.wikidata.org/entity/Q715766	Atayal
http://www.wikidata.org/entity/Q716627	Kavalan
http://www.wikidata.org/entity/Q716681	Tsou
http://www.wikidata.org/entity/Q716690	Puyuma
http://www.wikidata.org/entity/Q11071864	Truku
http://www.wikidata.org/entity/Q131061037	Seejiq Truku
http://www.wikidata.org/entity/Q49232	Rukai
http://www.wikidata.org/entity/Q56505	Bunun
http://www.wikidata.org/entity/Q2016252	Middle Chinese
http://www.wikidata.org/entity/Q36455	Eastern Min
http://www.wikidata.org/entity/Q50868	Egyptian
http://www.wikidata.org/entity/Q1526530	Aguaruna
http://www.wikidata.org/entity/Q3507928	Aranadan
http://www.wikidata.org/entity/Q13283	Soqotri
http://www.wikidata.org/entity/Q35660	Pannonian Rusyn
http://www.wikidata.org/entity/Q9252	Kazakh
http://www.wikidata.org/entity/Q33050	Dungan
http://www.wikidata.org/entity/Q35100	Bouyei
http://www.wikidata.org/entity/Q36556	Tai Nüa
http://www.wikidata.org/entity/Q36196	Judaeo-Spanish
http://www.wikidata.org/entity/Q33070	Balinese
http://www.wikidata.org/entity/Q1776032	Hill Mari
http://www.wikidata.org/entity/Q36846	Toki Pona
http://www.wikidata.org/entity/Q28224	North Frisian
http://www.wikidata.org/entity/Q33973	Sicilian
http://www.wikidata.org/entity/Q33733	Gorani
http://www.wikidata.org/entity/Q3362072	Digo
http://www.wikidata.org/entity/Q2880037	West Coast Bajau
http://www.wikidata.org/entity/Q33587	Gikuyu
http://www.wikidata.org/entity/Q3542085	Tungag
http://www.wikidata.org/entity/Q149838	Old Polish
http://www.wikidata.org/entity/Q34053	Shughni
http://www.wikidata.org/entity/Q13275	Somali
http://www.wikidata.org/entity/Q7930	Malagasy
http://www.wikidata.org/entity/Q4943150	Bookan
http://www.wikidata.org/entity/Q662754	Lan–Yin Mandarin
http://www.wikidata.org/entity/Q5414796	Dholuo
http://www.wikidata.org/entity/Q56543	Guugu Yimithirr
http://www.wikidata.org/entity/Q32983	Bonan
http://www.wikidata.org/entity/Q125220203	Pre-Punjabi
http://www.wikidata.org/entity/Q9267	Turkmen
http://www.wikidata.org/entity/Q13363	Menominee
http://www.wikidata.org/entity/Q36435	Pazeh-Kaxabu
http://www.wikidata.org/entity/Q33904	Nihali
http://www.wikidata.org/entity/Q7508824	Sidi
http://www.wikidata.org/entity/Q205979	Sogdian
http://www.wikidata.org/entity/Q36928	Ugaritic
http://www.wikidata.org/entity/Q32706	Dioula
http://www.wikidata.org/entity/Q18130932	Traditional Chinese
http://www.wikidata.org/entity/Q56511	Pele-Ata
http://www.wikidata.org/entity/Q5218	Quechua
http://www.wikidata.org/entity/Q79388	Llanito
http://www.wikidata.org/entity/Q3246741	Aer
http://www.wikidata.org/entity/Q125680979	Halai Bhatia
http://www.wikidata.org/entity/Q27154	Saterland Frisian
http://www.wikidata.org/entity/Q49340	Old Javanese
http://www.wikidata.org/entity/Q32332	Dargwa
http://www.wikidata.org/entity/Q56728	Isthmus Zapotec
http://www.wikidata.org/entity/Q35853	Kabyle
http://www.wikidata.org/entity/Q5196729	Cutchi-Swahili
http://www.wikidata.org/entity/Q25289	Cornish
http://www.wikidata.org/entity/Q1793299	Serbisk
http://www.wikidata.org/entity/Q125831165	Gurvari
http://www.wikidata.org/entity/Q2092246	Wik-Mungkan
http://www.wikidata.org/entity/Q56426	Moroccan Arabic
http://www.wikidata.org/entity/Q22711	Pennsylvania German
http://www.wikidata.org/entity/Q27990	Inuvialuktun
http://www.wikidata.org/entity/Q30004	Evenki
http://www.wikidata.org/entity/Q32952	Chakma
http://www.wikidata.org/entity/Q2600085	Osage
http://www.wikidata.org/entity/Q875344	chữ Nôm
http://www.wikidata.org/entity/Q2225391	Adnyamathanha
http://www.wikidata.org/entity/Q34200	Yevanic
http://www.wikidata.org/entity/Q33856	Papiamento
http://www.wikidata.org/entity/Q33014	Betawi
http://www.wikidata.org/entity/Q1751432	Plautdietsch
http://www.wikidata.org/entity/Q13220	Xiang Chinese
http://www.wikidata.org/entity/Q33081	Dzongkha
http://www.wikidata.org/entity/Q1145414	Judæo-Italian
http://www.wikidata.org/entity/Q30898	Gilbertese
http://www.wikidata.org/entity/Q8786	Alsatian
http://www.wikidata.org/entity/Q28092	Algonquin
http://www.wikidata.org/entity/Q1367309	Oroqen
http://www.wikidata.org/entity/Q35963	Cape Verdean Creole
http://www.wikidata.org/entity/Q35173	Chinook Jargon
http://www.wikidata.org/entity/Q35288	Pichinglis
http://www.wikidata.org/entity/Q4973472	Broken Slavey
http://www.wikidata.org/entity/Q35570	Fante
http://www.wikidata.org/entity/Q15665389	Tunumiisut
http://www.wikidata.org/entity/Q1704302	Naskapi
http://www.wikidata.org/entity/Q2917968	Omaha–Ponca
http://www.wikidata.org/entity/Q3027930	Xokleng
http://www.wikidata.org/entity/Q13303	Nanai
http://www.wikidata.org/entity/Q20709516	Old Montagnais
http://www.wikidata.org/entity/Q56485	Wymysorys
http://www.wikidata.org/entity/Q1671647	Inuktun
http://www.wikidata.org/entity/Q4126517	Eastern Canadian Inuktitut
http://www.wikidata.org/entity/Q60785588	Proto-Inuit
http://www.wikidata.org/entity/Q33158	Chhattisgarhi
http://www.wikidata.org/entity/Q33413	Malvi
http://www.wikidata.org/entity/Q11120689	Penang Hokkien
http://www.wikidata.org/entity/Q56240	Tunisian Arabic
http://www.wikidata.org/entity/Q2891049	Mandailing Batak
http://www.wikidata.org/entity/Q5286559	Dobel
http://www.wikidata.org/entity/Q7079491	Imperial Aramaic
http://www.wikidata.org/entity/Q12289	Old Latin
http://www.wikidata.org/entity/Q269125	Proto-Afroasiatic
http://www.wikidata.org/entity/Q2407831	Nias
http://www.wikidata.org/entity/Q18204898	Proto-Philippine
http://www.wikidata.org/entity/Q18389588	Proto-Algic
http://www.wikidata.org/entity/Q28663860	Proto-Oto-Manguean
http://www.wikidata.org/entity/Q96400333	Proto-Uto-Aztecan
http://www.wikidata.org/entity/Q116773191	Proto-Batak
http://www.wikidata.org/entity/Q116773246	Proto-Nubian
http://www.wikidata.org/entity/Q116773252	Proto-Otomian
http://www.wikidata.org/entity/Q33424	Iban
http://www.wikidata.org/entity/Q6583709	Proto-Tai
http://www.wikidata.org/entity/Q7251846	Proto-Hmong–Mien
http://www.wikidata.org/entity/Q104841722	Proto-Athabaskan
http://www.wikidata.org/entity/Q114784693	Proto-Siouan
http://www.wikidata.org/entity/Q33350	Chechen
http://www.wikidata.org/entity/Q3027047	Wichí
http://www.wikidata.org/entity/Q4936148	Bocas del Toro Creole
http://www.wikidata.org/entity/Q1091534	Limonese Creole
http://www.wikidata.org/entity/Q2931445	Venice city dialect
http://www.wikidata.org/entity/Q2356431	Chibcha
http://www.wikidata.org/entity/Q4823769	Port Jackson Pidgin English
http://www.wikidata.org/entity/Q35744	Krio
http://www.wikidata.org/entity/Q3877569	Wotapuri-Katarqalai
http://www.wikidata.org/entity/Q33559	Ingrian
http://www.wikidata.org/entity/Q178806	Middle Dutch
http://www.wikidata.org/entity/Q127946575	Lotfitka
http://www.wikidata.org/entity/Q10196	Aranese
http://www.wikidata.org/entity/Q13238	Udmurt
http://www.wikidata.org/entity/Q34988	Old Turkic
http://www.wikidata.org/entity/Q3832960	Proto-Malayo-Polynesian
http://www.wikidata.org/entity/Q33262	Chamorro
http://www.wikidata.org/entity/Q34340	Sesotho
http://www.wikidata.org/entity/Q35331	Farefare
http://www.wikidata.org/entity/Q3217514	Rwanda-Rundi
http://www.wikidata.org/entity/Q33965	Santali
http://www.wikidata.org/entity/Q35159	Dagaare
http://www.wikidata.org/entity/Q56437	Sindarin
http://www.wikidata.org/entity/Q122802340	Torki
http://www.wikidata.org/entity/Q33730	Mapudungun
http://www.wikidata.org/entity/Q3571097	Xârâcùù
http://www.wikidata.org/entity/Q603106	Zenzontepec Chatino
http://www.wikidata.org/entity/Q32994	Chintang
http://www.wikidata.org/entity/Q129175260	Mantauran
http://www.wikidata.org/entity/Q129175402	Tona
http://www.wikidata.org/entity/Q129175423	Maga
http://www.wikidata.org/entity/Q56670	Ma'di
http://www.wikidata.org/entity/Q3915909	Negeri Sembilan Malay
http://www.wikidata.org/entity/Q129357225	Wegali
http://www.wikidata.org/entity/Q6400661	Kharia Thar
http://www.wikidata.org/entity/Q6425038	Koda
http://www.wikidata.org/entity/Q6446173	Kudmali
http://www.wikidata.org/entity/Q12953686	Mahali
http://www.wikidata.org/entity/Q36709	Toto
http://www.wikidata.org/entity/Q56390	Tahoua
http://www.wikidata.org/entity/Q47015528	Sepečides-Romani
http://www.wikidata.org/entity/Q3914431	Saya
http://www.wikidata.org/entity/Q50934243	Chaari
http://www.wikidata.org/entity/Q52152004	Zaranda
http://www.wikidata.org/entity/Q130146648	Proto-Fula-Sereer
http://www.wikidata.org/entity/Q36284	Serer
http://www.wikidata.org/entity/Q3914383	Polci
http://www.wikidata.org/entity/Q130224860	Khotanese
http://www.wikidata.org/entity/Q27567	Abaza
http://www.wikidata.org/entity/Q29561	Avar
http://www.wikidata.org/entity/Q31746	Lezgian
http://www.wikidata.org/entity/Q36757	Rutulian
http://www.wikidata.org/entity/Q36853	Tsakhur
http://www.wikidata.org/entity/Q958414	Araona
http://www.wikidata.org/entity/Q24952008	Kholosi
http://www.wikidata.org/entity/Q130331709	Proto-Tacanan
http://www.wikidata.org/entity/Q29572	Avestan
http://www.wikidata.org/entity/Q1089151	Sri Lanka Malay language
http://www.wikidata.org/entity/Q5620032	Gurgula
http://www.wikidata.org/entity/Q72926	Barese
http://www.wikidata.org/entity/Q9309	Welsh
http://www.wikidata.org/entity/Q14549	Scots
http://www.wikidata.org/entity/Q3915562	Kharia
http://www.wikidata.org/entity/Q3041552	Ida'an
http://www.wikidata.org/entity/Q3445546	Roviana
http://www.wikidata.org/entity/Q33781	Marquesan
http://www.wikidata.org/entity/Q34094	Tongan
http://www.wikidata.org/entity/Q36754	Rotuman
http://www.wikidata.org/entity/Q973685	Mari
http://www.wikidata.org/entity/Q60785085	Pattapu
http://www.wikidata.org/entity/Q130344657	Proto-Finno-Volgaic
http://www.wikidata.org/entity/Q13343	Moksha
http://www.wikidata.org/entity/Q29952	Erzya
http://www.wikidata.org/entity/Q34011	Samoan
http://www.wikidata.org/entity/Q36745	Cook Islands Maori
http://www.wikidata.org/entity/Q13301	Khoekhoe
http://www.wikidata.org/entity/Q27927	Äynu
http://www.wikidata.org/entity/Q12953882	Kohistani Shina
http://www.wikidata.org/entity/Q130374492	Arli Romani
http://www.wikidata.org/entity/Q130375330	Ganukhi
http://www.wikidata.org/entity/Q130375340	Batalki
http://www.wikidata.org/entity/Q304049	Hunsrik
http://www.wikidata.org/entity/Q129648	Jejuan
http://www.wikidata.org/entity/Q13218	Xhosa
http://www.wikidata.org/entity/Q34137	Tswana
http://www.wikidata.org/entity/Q36948	Tai Lü
http://www.wikidata.org/entity/Q36280	Marshallese
http://www.wikidata.org/entity/Q10188	Zuni
http://www.wikidata.org/entity/Q241243	Provençal
http://www.wikidata.org/entity/Q3449784	Kata-vari
http://www.wikidata.org/entity/Q33871	Nogai
http://www.wikidata.org/entity/Q34196	Waigali
http://www.wikidata.org/entity/Q950585	Itonama
http://www.wikidata.org/entity/Q1040944	Khuzestani Arabic
http://www.wikidata.org/entity/Q2356364	Bagheli
http://www.wikidata.org/entity/Q35978	Hiligaynon
http://www.wikidata.org/entity/Q12953554	Northern Guiyang Hmong
http://www.wikidata.org/entity/Q4375732	Proto-Baltic
http://www.wikidata.org/entity/Q29440	Assyrian Neo-Aramaic
http://www.wikidata.org/entity/Q1069489	Siculo-Arabic
http://www.wikidata.org/entity/Q35276	Fe'fe'
http://www.wikidata.org/entity/Q13406670	Khortha
http://www.wikidata.org/entity/Q1703347	Proto-Balto-Slavic
http://www.wikidata.org/entity/Q6147825	Jaminjung
http://www.wikidata.org/entity/Q13583746	Comox
http://www.wikidata.org/entity/Q1957108	Winnebago
http://www.wikidata.org/entity/Q12953315	Yangben
http://www.wikidata.org/entity/Q33013	Duala
http://www.wikidata.org/entity/Q36979	Wallisian
http://www.wikidata.org/entity/Q35455	Bikol
http://www.wikidata.org/entity/Q5249695	Pasawalian Pangcah
http://www.wikidata.org/entity/Q133943390	Palidaw 'Amis
http://www.wikidata.org/entity/Q27210	Aleut
http://www.wikidata.org/entity/Q1377116	Kotava
http://www.wikidata.org/entity/Q3344819	Nouchi
http://www.wikidata.org/entity/Q115138197	Fantswam
http://www.wikidata.org/entity/Q115138293	Gwolog
http://www.wikidata.org/entity/Q35401	Jju
http://www.wikidata.org/entity/Q36738	Novial
http://www.wikidata.org/entity/Q33190	Bugis
http://www.wikidata.org/entity/Q56544	Kawésqar
http://www.wikidata.org/entity/Q4627	Aymara
http://www.wikidata.org/entity/Q36209	Kumyk
http://www.wikidata.org/entity/Q6786446	Matengo
http://www.wikidata.org/entity/Q12952751	Machame
http://www.wikidata.org/entity/Q35756	Haya
http://www.wikidata.org/entity/Q35939	Jamaican Patois
http://www.wikidata.org/entity/Q2992876	Nuu-chah-nulth
http://www.wikidata.org/entity/Q115138503	Tyap Mabatado
http://www.wikidata.org/entity/Q17102720	Proto-Italic
http://www.wikidata.org/entity/Q33873	Sarikoli
http://www.wikidata.org/entity/Q131060873	Seediq Tgdaya
http://www.wikidata.org/entity/Q36582	Palaic
http://www.wikidata.org/entity/Q131060295	Sediq Toda
http://www.wikidata.org/entity/Q2669254	Cofán
http://www.wikidata.org/entity/Q1478672	Mende
http://www.wikidata.org/entity/Q34125	Tetum
http://www.wikidata.org/entity/Q1166814	Dharug
http://www.wikidata.org/entity/Q131313305	Ikema Miyako
http://www.wikidata.org/entity/Q33573	Kinyarwanda
http://www.wikidata.org/entity/Q33491	Haitian Creole
http://www.wikidata.org/entity/Q716686	Seediq
http://www.wikidata.org/entity/Q131438764	Eastern/Central Arrernte
http://www.wikidata.org/entity/Q6693295	Lower Arrernte
http://www.wikidata.org/entity/Q2332461	Labuan
http://www.wikidata.org/entity/Q2342904	Budai
http://www.wikidata.org/entity/Q47010763	Tanan
http://www.wikidata.org/entity/Q5515391	Gubbi Gubbi
http://www.wikidata.org/entity/Q18472819	Wemba Wemba
http://www.wikidata.org/entity/Q7132812	Tugunese
http://www.wikidata.org/entity/Q12645549	Western Arrarnta
http://www.wikidata.org/entity/Q34024	Picard
http://www.wikidata.org/entity/Q10719110	Wakka Wakka
http://www.wikidata.org/entity/Q33441	Friulian
http://www.wikidata.org/entity/Q56593	Levantine Arabic
http://www.wikidata.org/entity/Q2668371	Brussels Dutch
http://www.wikidata.org/entity/Q16334334	Yugambeh
http://www.wikidata.org/entity/Q2756709	Korana
http://www.wikidata.org/entity/Q653649	Proto-Celtic
http://www.wikidata.org/entity/Q36213	Madurese
http://www.wikidata.org/entity/Q33779	Saramaccan
http://www.wikidata.org/entity/Q15731139	Cochin Portuguese Creole
http://www.wikidata.org/entity/Q36939	Vai
http://www.wikidata.org/entity/Q5111	Abkhaz
http://www.wikidata.org/entity/Q14185	Occitan
http://www.wikidata.org/entity/Q2992872	Ngaju
http://www.wikidata.org/entity/Q49341	Kawi
http://www.wikidata.org/entity/Q31775823	Old Malay
http://www.wikidata.org/entity/Q7598268	Standard Moroccan Tamazight
http://www.wikidata.org/entity/Q36793	Thracian
http://www.wikidata.org/entity/Q56232	Iraqi Arabic
http://www.wikidata.org/entity/Q35452	Bislama
http://www.wikidata.org/entity/Q2360396	Balkan Gagauz
http://www.wikidata.org/entity/Q13365	Mentawai
http://www.wikidata.org/entity/Q36895	Wali
http://www.wikidata.org/entity/Q28304	Koyukon
http://www.wikidata.org/entity/Q940486	Petjo
http://www.wikidata.org/entity/Q1294047	Sasak
http://www.wikidata.org/entity/Q33643	Makassar
http://www.wikidata.org/entity/Q33868	Meitei
http://www.wikidata.org/entity/Q33979	Newar
http://www.wikidata.org/entity/Q3192772	Kansa
http://www.wikidata.org/entity/Q3915671	Scottish Cant
http://www.wikidata.org/entity/Q34290	Wu Chinese
http://www.wikidata.org/entity/Q3058458	Mongondow
http://www.wikidata.org/entity/Q3287253	Mapun
http://www.wikidata.org/entity/Q6368621	Kalamang
http://www.wikidata.org/entity/Q7983599	Wersing
http://www.wikidata.org/entity/Q12473446	Papuan Malay
http://www.wikidata.org/entity/Q12473476	Tae’
http://www.wikidata.org/entity/Q1686766	Yemeni Arabic
http://www.wikidata.org/entity/Q4438498	Middle Armenian
http://www.wikidata.org/entity/Q2655664	Lokono
http://www.wikidata.org/entity/Q29921	Inuktitut
http://www.wikidata.org/entity/Q33968	Ossetian
http://www.wikidata.org/entity/Q56495	Judeo-Tat
http://www.wikidata.org/entity/Q1054929	Bolognese
http://www.wikidata.org/entity/Q56547	Munsee
http://www.wikidata.org/entity/Q3176748	Jahai
http://www.wikidata.org/entity/Q2669206	Shawnee
http://www.wikidata.org/entity/Q17502788	Western Abnaki
http://www.wikidata.org/entity/Q133157744	Norwottuck
http://www.wikidata.org/entity/Q33584	Khasi
http://www.wikidata.org/entity/Q706327	Goguryeo
http://www.wikidata.org/entity/Q1207739	Puquina
http://www.wikidata.org/entity/Q15914922	Squliq Atayal
http://www.wikidata.org/entity/Q1183938	Pidgin Delaware
http://www.wikidata.org/entity/Q2270532	Powhatan
http://www.wikidata.org/entity/Q97199159	Matuʼuwal
http://www.wikidata.org/entity/Q133281243	Ciʼuli Atayal
http://www.wikidata.org/entity/Q133281246	Plngawan Atayal
http://www.wikidata.org/entity/Q133281247	Skikun Atayal
http://www.wikidata.org/entity/Q133281249	Klesan
http://www.wikidata.org/entity/Q34015	Seychellois Creole
http://www.wikidata.org/entity/Q35536	Q’eqchi’
http://www.wikidata.org/entity/Q28427	Carolinian
http://www.wikidata.org/entity/Q3400731	Favorlang
http://www.wikidata.org/entity/Q7532519	Motuna
http://www.wikidata.org/entity/Q1975271	Taivoan
http://www.wikidata.org/entity/Q35107	Baoulé
http://www.wikidata.org/entity/Q2597045	Pazeh
http://www.wikidata.org/entity/Q4782887	Kaxabu
http://www.wikidata.org/entity/Q133697830	Continental Norman
http://www.wikidata.org/entity/Q56395	Yola
http://www.wikidata.org/entity/Q13321	Mi'kmaq
http://www.wikidata.org/entity/Q3199353	Tocharian B
http://www.wikidata.org/entity/Q35137	Old Chinese
http://www.wikidata.org/entity/Q36708	Norn
http://www.wikidata.org/entity/Q3435078	Chinese Pidgin English
http://www.wikidata.org/entity/Q128804537	Macau Pidgin Portuguese
http://www.wikidata.org/entity/Q1363055	Belizean Creole
http://www.wikidata.org/entity/Q2524014	Bajan Creole
http://www.wikidata.org/entity/Q7401601	Saint Kitts Creole
http://www.wikidata.org/entity/Q7937974	Viya
http://www.wikidata.org/entity/Q33243	Bambara
http://www.wikidata.org/entity/Q34806	Kose
http://www.wikidata.org/entity/Q35035	Adja
http://www.wikidata.org/entity/Q36720	Nupe
http://www.wikidata.org/entity/Q2669181	Kunza
http://www.wikidata.org/entity/Q34131	Tiv
http://www.wikidata.org/entity/Q34847	Efutu
http://www.wikidata.org/entity/Q35198	Chumburung
http://www.wikidata.org/entity/Q35422	Gua
http://www.wikidata.org/entity/Q35639	Larteh
http://www.wikidata.org/entity/Q35658	Krache
http://www.wikidata.org/entity/Q35867	Nkonya
http://www.wikidata.org/entity/Q36660	Soninke
http://www.wikidata.org/entity/Q489819	Wangerooge Frisian
http://www.wikidata.org/entity/Q11006763	Kirike
http://www.wikidata.org/entity/Q33792	Ibibio
http://www.wikidata.org/entity/Q35377	Efik
http://www.wikidata.org/entity/Q34247	Yaghnobi
http://www.wikidata.org/entity/Q36554	Pitkern
http://www.wikidata.org/entity/Q7042633	Nkoya
http://www.wikidata.org/entity/Q11017686	San Salvador Kongo
http://www.wikidata.org/entity/Q11028033	Western Maninkakan
http://www.wikidata.org/entity/Q36291	Ogba
http://www.wikidata.org/entity/Q11002130	Eastern Maninkakan
http://www.wikidata.org/entity/Q33287	Ga
http://www.wikidata.org/entity/Q33678	Mandinka
http://www.wikidata.org/entity/Q34796	Avatime
http://www.wikidata.org/entity/Q35195	Delo
http://www.wikidata.org/entity/Q36337	Nzema
http://www.wikidata.org/entity/Q33419	Ishkashimi
http://www.wikidata.org/entity/Q33797	Norfuk
http://www.wikidata.org/entity/Q34128	Tahitian
http://www.wikidata.org/entity/Q1843468	Caribbean Hindustani
http://www.wikidata.org/entity/Q3305477	Guyanese Creole
http://www.wikidata.org/entity/Q35891	Kimbundu
http://www.wikidata.org/entity/Q2591262	Kalau Lagau Ya
http://www.wikidata.org/entity/Q3469737	Saliba
http://www.wikidata.org/entity/Q3502368	Suau
http://www.wikidata.org/entity/Q33639	Munji
http://www.wikidata.org/entity/Q34179	Yidgha
http://www.wikidata.org/entity/Q34208	Wakhi
http://www.wikidata.org/entity/Q120207135	ǁKā
http://www.wikidata.org/entity/Q2669261	Austral
http://www.wikidata.org/entity/Q3482907	Siar-Lak
http://www.wikidata.org/entity/Q36763	Tuamotuan
http://www.wikidata.org/entity/Q3325052	Mota
http://www.wikidata.org/entity/Q3580152	North Efate
http://www.wikidata.org/entity/Q2976736	Vaeakau-Taumako
http://www.wikidata.org/entity/Q3051961	Emae
http://www.wikidata.org/entity/Q3064409	Futuna-Aniwa
http://www.wikidata.org/entity/Q3130301	Penrhyn
http://www.wikidata.org/entity/Q3397346	Rennellese
http://www.wikidata.org/entity/Q7439242	Sikaiana
http://www.wikidata.org/entity/Q112113660	Mangaia
http://www.wikidata.org/entity/Q34097	Tokelauan
http://www.wikidata.org/entity/Q35334	Futunan
http://www.wikidata.org/entity/Q36237	Mangareva
http://www.wikidata.org/entity/Q36417	Rapa
http://www.wikidata.org/entity/Q36682	Tikopia
http://www.wikidata.org/entity/Q36837	West Uvean
http://www.wikidata.org/entity/Q3418509	Ramoaaina
http://www.wikidata.org/entity/Q35870	Tolai
http://www.wikidata.org/entity/Q1658709	Proto-Polynesian
http://www.wikidata.org/entity/Q1740805	Northern Quichua
http://www.wikidata.org/entity/Q2603808	North Marquesan
http://www.wikidata.org/entity/Q19694214	South Marquesan
http://www.wikidata.org/entity/Q35147	Cusco Quechua
http://www.wikidata.org/entity/Q36746	Rapa Nui
http://www.wikidata.org/entity/Q36990	Zarma
http://www.wikidata.org/entity/Q1639998	Warlpiri
http://www.wikidata.org/entity/Q3327389	Alyawarr
http://www.wikidata.org/entity/Q10412317	Anmatyerre
http://www.wikidata.org/entity/Q6693377	Lower Chehalis
http://www.wikidata.org/entity/Q1070391	Sabaean
http://www.wikidata.org/entity/Q34186	Yazgulyam
http://www.wikidata.org/entity/Q3356620	Oroshori
http://www.wikidata.org/entity/Q750553	Brazilian Portuguese
http://www.wikidata.org/entity/Q6583551	Saka
http://www.wikidata.org/entity/Q65455882	Old Ossetic
http://www.wikidata.org/entity/Q65455890	Tumshuqese
http://www.wikidata.org/entity/Q116773267	Proto-Saka-Wakhi
http://www.wikidata.org/entity/Q116773264	Proto-Saka
http://www.wikidata.org/entity/Q116773273	Proto-Scythian
http://www.wikidata.org/entity/Q135225270	Proto-Sarmatian
http://www.wikidata.org/entity/Q20923490	multiple languages
http://www.wikidata.org/entity/Q1185133	Seneca
http://www.wikidata.org/entity/Q33658	Lushootseed
http://www.wikidata.org/entity/Q1990659	Kaitag
http://www.wikidata.org/entity/Q32641	Valencian
http://www.wikidata.org/entity/Q13239	Ulch
http://www.wikidata.org/entity/Q33390	Cree
http://www.wikidata.org/entity/Q35284	Cia-Cia
http://www.wikidata.org/entity/Q36206	Lak
http://www.wikidata.org/entity/Q36734	Phoenician
http://www.wikidata.org/entity/Q3320030	Primitive Irish
http://www.wikidata.org/entity/Q10179	Zulu
http://www.wikidata.org/entity/Q33759	Mansi
http://www.wikidata.org/entity/Q35871	Kemi Sami
http://www.wikidata.org/entity/Q3053279	Kambera
http://www.wikidata.org/entity/Q8074100	Zoogocho Zapotec
http://www.wikidata.org/entity/Q18390055	Lindu
http://www.wikidata.org/entity/Q131540326	Greco-Bohairic
http://www.wikidata.org/entity/Q13203	Rotokas
http://www.wikidata.org/entity/Q33111	Corsican
http://www.wikidata.org/entity/Q2427341	Pochutec
http://www.wikidata.org/entity/Q28213	Alyutor
http://www.wikidata.org/entity/Q32430	Daur
http://www.wikidata.org/entity/Q35726	Etruscan
http://www.wikidata.org/entity/Q36387	medieval Greek
http://www.wikidata.org/entity/Q176471	Arabic numeral system
http://www.wikidata.org/entity/Q38918	Roman numerals
http://www.wikidata.org/entity/Q35228	Old East Slavic
http://www.wikidata.org/entity/Q56428	Guernésiais
http://www.wikidata.org/entity/Q56430	Jèrriais
http://www.wikidata.org/entity/Q966439	Proto-Indo-Iranian
http://www.wikidata.org/entity/Q33407	Jewish Babylonian Aramaic
http://www.wikidata.org/entity/Q47091826	Ahaggar Tuareg
http://www.wikidata.org/entity/Q36461	Median
http://www.wikidata.org/entity/Q288765	Proto-Uralic
http://www.wikidata.org/entity/Q35722	Gothic
http://www.wikidata.org/entity/Q26245	Rusyn
http://www.wikidata.org/entity/Q36819	Slovio
http://www.wikidata.org/entity/Q35219	Old Saxon
http://www.wikidata.org/entity/Q10713	Luwian
http://www.wikidata.org/entity/Q2499870	Proto-Finno-Ugric
http://www.wikidata.org/entity/Q443089	Old Dutch
http://www.wikidata.org/entity/Q35133	Old Frisian
http://www.wikidata.org/entity/Q34147	Flemish Dutch
http://www.wikidata.org/entity/Q35527	Dalmatian
http://www.wikidata.org/entity/Q131339	Alemannic
http://www.wikidata.org/entity/Q2114754	Germanic Parent Language
http://www.wikidata.org/entity/Q35876	Guarani
http://www.wikidata.org/entity/Q962392	Desano
http://www.wikidata.org/entity/Q9255	Kyrgyz
http://www.wikidata.org/entity/Q33698	Livonian
http://www.wikidata.org/entity/Q33976	Sardinian
http://www.wikidata.org/entity/Q34139	Shor
http://www.wikidata.org/entity/Q56318	Komi-Permyak
http://www.wikidata.org/entity/Q36254	Slavomolisano
http://www.wikidata.org/entity/Q33170	Chukchi
http://www.wikidata.org/entity/Q35571	Fuzhou dialect
http://www.wikidata.org/entity/Q213434	Samogitian
http://www.wikidata.org/entity/Q28602	Aramaic
http://www.wikidata.org/entity/Q2609239	Southwestern Mandarin
http://www.wikidata.org/entity/Q4418344	Siberian
http://www.wikidata.org/entity/Q13339	Mohawk
http://www.wikidata.org/entity/Q33060	Blackfoot
http://www.wikidata.org/entity/Q33125	Chulym
http://www.wikidata.org/entity/Q33522	Kabardian
http://www.wikidata.org/entity/Q56466	Dinka
http://www.wikidata.org/entity/Q56749	Potawatomi
http://www.wikidata.org/entity/Q533109	Gottscheerish
http://www.wikidata.org/entity/Q2980386	Bandjalang
http://www.wikidata.org/entity/Q2982063	Pitjantjatjara
http://www.wikidata.org/entity/Q3319130	Mohegan-Pequot
http://www.wikidata.org/entity/Q36498	Aghul
http://www.wikidata.org/entity/Q3504208	Basap
http://www.wikidata.org/entity/Q32878	Dolgan
http://www.wikidata.org/entity/Q33575	Khakas
http://www.wikidata.org/entity/Q33723	Krymchak
http://www.wikidata.org/entity/Q33918	Ludic
http://www.wikidata.org/entity/Q36748	Pontic Greek
http://www.wikidata.org/entity/Q36848	Tofa
http://www.wikidata.org/entity/Q668366	Mycenaean Greek
http://www.wikidata.org/entity/Q3449138	Awabakal
http://www.wikidata.org/entity/Q36095	Lydian
http://www.wikidata.org/entity/Q36931	Ubykh
http://www.wikidata.org/entity/Q332792	Kerek
http://www.wikidata.org/entity/Q31295480	Orkhon Turkic
http://www.wikidata.org/entity/Q9211	Lao
http://www.wikidata.org/entity/Q13257	Urum
http://www.wikidata.org/entity/Q33624	Itelmen
http://www.wikidata.org/entity/Q34119	Tuvan
http://www.wikidata.org/entity/Q34318	Talysh
http://www.wikidata.org/entity/Q36199	Koryak
http://www.wikidata.org/entity/Q33315	Herero
http://www.wikidata.org/entity/Q30304622	Eastern Khanty
http://www.wikidata.org/entity/Q36464	Nivkh
http://www.wikidata.org/entity/Q565110	Lanna
http://www.wikidata.org/entity/Q3915515	Central Tagbanwa
http://www.wikidata.org/entity/Q33259	Bats
http://www.wikidata.org/entity/Q33500	Mandaic
http://www.wikidata.org/entity/Q34067	Svan
http://www.wikidata.org/entity/Q35435	Hanunó'o
http://www.wikidata.org/entity/Q35990	Lepcha
http://www.wikidata.org/entity/Q56407	Tai Dam
http://www.wikidata.org/entity/Q56477	Limbu
http://www.wikidata.org/entity/Q530739	Tasmanian
http://www.wikidata.org/entity/Q3200721	Kuvi
http://www.wikidata.org/entity/Q3436461	Lishana Deni
http://www.wikidata.org/entity/Q10199	Zazaki
http://www.wikidata.org/entity/Q33281	Chavacano
http://www.wikidata.org/entity/Q33890	Northern Sotho
http://www.wikidata.org/entity/Q35241	Akkala Sami
http://www.wikidata.org/entity/Q33628	Lozi
http://www.wikidata.org/entity/Q152965	Silesian German
http://www.wikidata.org/entity/Q2640863	Northern Altai
http://www.wikidata.org/entity/Q10729616	Pemon
http://www.wikidata.org/entity/Q28277	Jicarilla
http://www.wikidata.org/entity/Q34834	Old Georgian
http://www.wikidata.org/entity/Q36614	Obolo
http://www.wikidata.org/entity/Q56417	Arapaho
http://www.wikidata.org/entity/Q56499	Algerian Arabic
http://www.wikidata.org/entity/Q56503	Libyan Arabic
http://www.wikidata.org/entity/Q56594	Zaiwa
http://www.wikidata.org/entity/Q80321585	Pre-Italic
http://www.wikidata.org/entity/Q27811	Afar
http://www.wikidata.org/entity/Q29316	Aromanian
http://www.wikidata.org/entity/Q33457	Gagauz
http://www.wikidata.org/entity/Q33622	Istro-Romanian
http://www.wikidata.org/entity/Q35845	Istriot
http://www.wikidata.org/entity/Q36656	Ter Sami
http://www.wikidata.org/entity/Q37059	Bishnupriya Manipuri
http://www.wikidata.org/entity/Q56314	Pite Sami
http://www.wikidata.org/entity/Q6983678	Ndali
http://www.wikidata.org/entity/Q18168288	Kadiweu
http://www.wikidata.org/entity/Q13349	Mon
http://www.wikidata.org/entity/Q33362	Juang
http://www.wikidata.org/entity/Q35995	Mandar
http://www.wikidata.org/entity/Q37733	Judeo-Arabic
http://www.wikidata.org/entity/Q56479	Jin
http://www.wikidata.org/entity/Q1160372	Laz
http://www.wikidata.org/entity/Q27683	Acehnese
http://www.wikidata.org/entity/Q37560	Vulgar Latin
http://www.wikidata.org/entity/Q162013	Old Novgorodian
http://www.wikidata.org/entity/Q237409	Zeelandic
http://www.wikidata.org/entity/Q523014	Muscogee
http://www.wikidata.org/entity/Q695526	Tarantino
http://www.wikidata.org/entity/Q13235	Udege
http://www.wikidata.org/entity/Q15087	Franco-Provençal language
http://www.wikidata.org/entity/Q23014	Palatinate German
http://www.wikidata.org/entity/Q29960	Even
http://www.wikidata.org/entity/Q32145	Ripuarian
http://www.wikidata.org/entity/Q33219	Banyumasan
http://www.wikidata.org/entity/Q33385	Hutterite German
http://www.wikidata.org/entity/Q33617	Hiri Motu
http://www.wikidata.org/entity/Q33650	Oroch
http://www.wikidata.org/entity/Q33676	Negidal
http://www.wikidata.org/entity/Q33879	Pangasinan
http://www.wikidata.org/entity/Q33928	Orok
http://www.wikidata.org/entity/Q34849	Andi
http://www.wikidata.org/entity/Q36583	Seri
http://www.wikidata.org/entity/Q56423	Akhvakh
http://www.wikidata.org/entity/Q56429	Sercquiais
http://www.wikidata.org/entity/Q56731	Jurchen
http://www.wikidata.org/entity/Q4901729	Bhilali
http://www.wikidata.org/entity/Q3437292	Zhang-Zhung
http://www.wikidata.org/entity/Q4701960	Akuntsu
http://www.wikidata.org/entity/Q33054	Bezhta
http://www.wikidata.org/entity/Q33283	Hinuq
http://www.wikidata.org/entity/Q33537	Lakota
http://www.wikidata.org/entity/Q34033	Tsez
http://www.wikidata.org/entity/Q34079	Tabasaran
http://www.wikidata.org/entity/Q34915	Archi
http://www.wikidata.org/entity/Q35278	Khinalug
http://www.wikidata.org/entity/Q35397	Budukh
http://www.wikidata.org/entity/Q35861	Kryts
http://www.wikidata.org/entity/Q36860	Tindi
http://www.wikidata.org/entity/Q36867	Udi
http://www.wikidata.org/entity/Q36934	Urartian
http://www.wikidata.org/entity/Q56425	Khwarshi
http://www.wikidata.org/entity/Q56515	Godoberi
http://www.wikidata.org/entity/Q56560	Botlikh
http://www.wikidata.org/entity/Q56567	Chamalal
http://www.wikidata.org/entity/Q56564	Hunzib
http://www.wikidata.org/entity/Q56638	Bagvalal
http://www.wikidata.org/entity/Q56636	Karata-Tukita
http://www.wikidata.org/entity/Q531826	Yaghan
http://www.wikidata.org/entity/Q2948019	Eastern Cham
http://www.wikidata.org/entity/Q7967085	Wancho
http://www.wikidata.org/entity/Q33485	Ket
http://www.wikidata.org/entity/Q33627	Ili Turki
http://www.wikidata.org/entity/Q2424943	Yoron
http://www.wikidata.org/entity/Q1755054	Thompson
http://www.wikidata.org/entity/Q1991779	Southern Altai
http://www.wikidata.org/entity/Q2827041	Tocharian A
http://www.wikidata.org/entity/Q7811403	Toaripi
http://www.wikidata.org/entity/Q16827787	Amarizana
http://www.wikidata.org/entity/Q8773	Aklanon
http://www.wikidata.org/entity/Q27792	Tlingit
http://www.wikidata.org/entity/Q34774	Achi
http://www.wikidata.org/entity/Q35022	Antillean Creole
http://www.wikidata.org/entity/Q36645	To’abaita
http://www.wikidata.org/entity/Q56608	Hijazi Saudi
http://www.wikidata.org/entity/Q2591221	Arabela
http://www.wikidata.org/entity/Q3915441	Machiguenga
http://www.wikidata.org/entity/Q13366	Meroitic
http://www.wikidata.org/entity/Q33875	Ojibwe
http://www.wikidata.org/entity/Q35787	Maasai
http://www.wikidata.org/entity/Q268130	Mòcheno
http://www.wikidata.org/entity/Q756651	Bactrian
http://www.wikidata.org/entity/Q1185114	Wolio
http://www.wikidata.org/entity/Q111962726	Proto-Central Pacific
http://www.wikidata.org/entity/Q113988745	Proto-Eastern Polynesian
http://www.wikidata.org/entity/Q1365342	Yenish
http://www.wikidata.org/entity/Q3244184	Antiguan and Barbudan Creole
http://www.wikidata.org/entity/Q3327418	Aimele
http://www.wikidata.org/entity/Q3327462	Akoye
http://www.wikidata.org/entity/Q10728232	Eastern Arrernte
http://www.wikidata.org/entity/Q16110528	Aeka
http://www.wikidata.org/entity/Q33395	Gullah
http://www.wikidata.org/entity/Q35037	Ndyuka
http://www.wikidata.org/entity/Q37053	Cimbrian
http://www.wikidata.org/entity/Q34088	Arin
http://www.wikidata.org/entity/Q34089	Assan
http://www.wikidata.org/entity/Q34163	Kott
http://www.wikidata.org/entity/Q34732	Agatu
http://www.wikidata.org/entity/Q56311	Yugh
http://www.wikidata.org/entity/Q242648	Emilian-Romagnol
http://www.wikidata.org/entity/Q1363072	Guianan Creole
http://www.wikidata.org/entity/Q1405077	Kwanyama
http://www.wikidata.org/entity/Q6380709	Kaytetye
http://www.wikidata.org/entity/Q33475	Gan Chinese
http://www.wikidata.org/entity/Q2567055	Tsachila
http://www.wikidata.org/entity/Q33790	Niuean
http://www.wikidata.org/entity/Q1815830	Negerhollands
http://www.wikidata.org/entity/Q33161	Chuukese
http://www.wikidata.org/entity/Q2669150	Amahuaca
http://www.wikidata.org/entity/Q3409307	Aikanã
http://www.wikidata.org/entity/Q3441136	Pacoh
http://www.wikidata.org/entity/Q3504312	Paresí
http://www.wikidata.org/entity/Q35025	Old South Arabian
http://www.wikidata.org/entity/Q113992943	Proto-Central-Eastern Malayo-Polynesian
http://www.wikidata.org/entity/Q65455884	Marwari
http://www.wikidata.org/entity/Q34926	Acholi
http://www.wikidata.org/entity/Q513736	Baltic Romani
http://www.wikidata.org/entity/Q5045611	Carpathian Romani
http://www.wikidata.org/entity/Q36106	Ligurian
http://www.wikidata.org/entity/Q1340322	Jutlandic
http://www.wikidata.org/entity/Q56595	Judeo-Moroccan
http://www.wikidata.org/entity/Q3569569	Woccon
http://www.wikidata.org/entity/Q4494885	Karakhanid
http://www.wikidata.org/entity/Q7967891	Wangkumara
http://www.wikidata.org/entity/Q36957	Umbrian
http://www.wikidata.org/entity/Q13359	Mingrelian
http://www.wikidata.org/entity/Q33607	Lunda
http://www.wikidata.org/entity/Q7901709	Usan
http://www.wikidata.org/entity/Q945482	Cacán
http://www.wikidata.org/entity/Q3111883	Kaiwá
http://www.wikidata.org/entity/Q3438764	Maaka
http://www.wikidata.org/entity/Q36743	Nganasan
http://www.wikidata.org/entity/Q6912195	Morigi
http://www.wikidata.org/entity/Q11732297	Atohwaim
http://www.wikidata.org/entity/Q36218	Miyako
http://www.wikidata.org/entity/Q1951521	Mru
http://www.wikidata.org/entity/Q2707343	Sebat Bet Gurage
http://www.wikidata.org/entity/Q9205	Khmer
http://www.wikidata.org/entity/Q13292	Sourashtra
http://www.wikidata.org/entity/Q33657	Gilaki
http://www.wikidata.org/entity/Q688873	Rumantsch Grischun
http://www.wikidata.org/entity/Q3317286	Tezoatlán Mixtec
http://www.wikidata.org/entity/Q2840986	Southern Amami Ōshima
http://www.wikidata.org/entity/Q2840988	Northern Amami Ōshima
http://www.wikidata.org/entity/Q3350036	Okinoerabu
http://www.wikidata.org/entity/Q56603	Brokpa
http://www.wikidata.org/entity/Q3191866	Kagoshima dialect
http://www.wikidata.org/entity/Q34243	Yonaguni
http://www.wikidata.org/entity/Q141741	Proto-Oceanic
http://www.wikidata.org/entity/Q35603	Sudovian
http://www.wikidata.org/entity/Q3217929	Wakasihu
http://www.wikidata.org/entity/Q5160	'Are'are
http://www.wikidata.org/entity/Q65217019	Old Basque
http://www.wikidata.org/entity/Q25559411	Tundra Enets
http://www.wikidata.org/entity/Q30249597	Forest Enets
http://www.wikidata.org/entity/Q33509	Ingush
http://www.wikidata.org/entity/Q33273	Chewa
http://www.wikidata.org/entity/Q33348	Chuvash
http://www.wikidata.org/entity/Q35671	Kriol
http://www.wikidata.org/entity/Q36811	Sorani
http://www.wikidata.org/entity/Q56519	Massachusett
http://www.wikidata.org/entity/Q13358	Megleno-Romanian
http://www.wikidata.org/entity/Q13310	Navajo
http://www.wikidata.org/entity/Q13357	Meänkieli
http://www.wikidata.org/entity/Q18546266	N’Ko
http://www.wikidata.org/entity/Q3303475	Mbabaram
http://www.wikidata.org/entity/Q36648	Torres Strait Creole
http://www.wikidata.org/entity/Q34174	Tarifit
http://www.wikidata.org/entity/Q200519	Bamberg dialect
http://www.wikidata.org/entity/Q36212	Latgalian
http://www.wikidata.org/entity/Q15085	Piedmontese
http://www.wikidata.org/entity/Q3111818	Gamilaraay
http://www.wikidata.org/entity/Q3528020	Tiang
http://www.wikidata.org/entity/Q5196293	Kustenau
http://www.wikidata.org/entity/Q56742	Äiwoo
http://www.wikidata.org/entity/Q25559664	Southern Ohlone
http://www.wikidata.org/entity/Q33239	Cebuano
http://www.wikidata.org/entity/Q254950	Övdalian
http://www.wikidata.org/entity/Q10860505	Frankish
http://www.wikidata.org/entity/Q2669229	Bahamian Creole
http://www.wikidata.org/entity/Q13284	Sora
http://www.wikidata.org/entity/Q1072111	Galician–Portuguese
http://www.wikidata.org/entity/Q2758874	Manbhumi
http://www.wikidata.org/entity/Q2044917	Old Norman
http://www.wikidata.org/entity/Q20987452	Old Tamil
http://www.wikidata.org/entity/Q2487263	Middle Welsh
http://www.wikidata.org/entity/Q15478520	Old Catalan
http://www.wikidata.org/entity/Q46728	Fiji Hindi
http://www.wikidata.org/entity/Q161281	Brithenig
http://www.wikidata.org/entity/Q148739	Venedic
http://www.wikidata.org/entity/Q3025610	Temuan
http://www.wikidata.org/entity/Q3507954	Abaga
http://www.wikidata.org/entity/Q2479368	Jassic
http://www.wikidata.org/entity/Q35655	Koyraboro Senni
http://www.wikidata.org/entity/Q7278686	Rabha
http://www.wikidata.org/entity/Q8029099	Woiwurrung–Taungurung
http://www.wikidata.org/entity/Q530384	Dakota
http://www.wikidata.org/entity/Q5055514	Cazcan
http://www.wikidata.org/entity/Q20741700	Ciguayo
http://www.wikidata.org/entity/Q3083213	Louisiana French
http://www.wikidata.org/entity/Q1256646	Gutnish
http://www.wikidata.org/entity/Q3241618	Rangpuri
http://www.wikidata.org/entity/Q48726740	Bangali
http://www.wikidata.org/entity/Q33173	Chittagonian
http://www.wikidata.org/entity/Q33120	Buryat
http://www.wikidata.org/entity/Q11732510	Ngaing
http://www.wikidata.org/entity/Q3399725	Aiton
http://www.wikidata.org/entity/Q2268	Old Nubian
http://www.wikidata.org/entity/Q472586	Safaitic
http://www.wikidata.org/entity/Q3307195	Coastal Kadazan
http://www.wikidata.org/entity/Q7495	Aari
http://www.wikidata.org/entity/Q49215	Lampung Api
http://www.wikidata.org/entity/Q56527	Xamtanga
http://www.wikidata.org/entity/Q3138829	Hmong Daw
http://www.wikidata.org/entity/Q32704	Venda
http://www.wikidata.org/entity/Q33800	Maranao
http://www.wikidata.org/entity/Q34909	Old Icelandic
http://www.wikidata.org/entity/Q36318	Palor
http://www.wikidata.org/entity/Q5072718	Chaná
http://www.wikidata.org/entity/Q56846	Bakairi
http://www.wikidata.org/entity/Q56590	Atikamekw
http://www.wikidata.org/entity/Q5330390	Eastern Pwo
http://www.wikidata.org/entity/Q36217	Lingala
http://www.wikidata.org/entity/Q942602	Languedocian
http://www.wikidata.org/entity/Q33265	Cheyenne
http://www.wikidata.org/entity/Q1564258	Tundra Nenets
http://www.wikidata.org/entity/Q671198	Lorrain
http://www.wikidata.org/entity/Q33714	Karachay-Balkar
http://www.wikidata.org/entity/Q36494	K’iche’
http://www.wikidata.org/entity/Q63449899	Urgesal
http://www.wikidata.org/entity/Q688348	Sursilvan
http://www.wikidata.org/entity/Q688272	Sutsilvan
http://www.wikidata.org/entity/Q690226	Vallader
http://www.wikidata.org/entity/Q3507873	Anambé
http://www.wikidata.org/entity/Q28335	Amdang
http://www.wikidata.org/entity/Q3111847	Miriwoong
http://www.wikidata.org/entity/Q48726757	Varendri
http://www.wikidata.org/entity/Q107548681	Noakhali
http://www.wikidata.org/entity/Q165795	Kven
http://www.wikidata.org/entity/Q32762	Võro
http://www.wikidata.org/entity/Q102172	Limburgish
http://www.wikidata.org/entity/Q25559516	Bengkulu
http://www.wikidata.org/entity/Q3439071	Barngarla
http://www.wikidata.org/entity/Q220607	Tsakonian
http://www.wikidata.org/entity/Q5575236	Goan Konkani
http://www.wikidata.org/entity/Q6378899	Kaurna
http://www.wikidata.org/entity/Q85147956	Milhüserisch
http://www.wikidata.org/entity/Q317044	Andalusi Romance
http://www.wikidata.org/entity/Q7974656	Wathawurrung
http://www.wikidata.org/entity/Q56612	Samaritan Aramaic
http://www.wikidata.org/entity/Q56480	Lisu
http://www.wikidata.org/entity/Q35969	Lycian
http://www.wikidata.org/entity/Q33492	Kurukh
http://www.wikidata.org/entity/Q36688	South Picene
http://www.wikidata.org/entity/Q535958	Punic
http://www.wikidata.org/entity/Q35740	Hurrian
http://www.wikidata.org/entity/Q56921	Lipo
http://www.wikidata.org/entity/Q34778	Ahom
http://www.wikidata.org/entity/Q36653	Oscan
http://www.wikidata.org/entity/Q3915472	Portuguese Sign Language
http://www.wikidata.org/entity/Q34040	Turoyo
http://www.wikidata.org/entity/Q35359	Auvergnat
http://www.wikidata.org/entity/Q1781613	Norwegian Sign Language
http://www.wikidata.org/entity/Q3177352	Rodi
http://www.wikidata.org/entity/Q36759	Teochew
http://www.wikidata.org/entity/Q64483808	High Valyrian
http://www.wikidata.org/entity/Q34905	Baka
http://www.wikidata.org/entity/Q35541	Cameroon Pidgin
http://www.wikidata.org/entity/Q6089423	Isu
http://www.wikidata.org/entity/Q35459	Ewondo
http://www.wikidata.org/entity/Q4624	Kölsch
http://www.wikidata.org/entity/Q56398	Awjila
http://www.wikidata.org/entity/Q1656595	Kom
http://www.wikidata.org/entity/Q8048020	Yambeta
http://www.wikidata.org/entity/Q34098	Kwasio
http://www.wikidata.org/entity/Q34855	Bakaka
http://www.wikidata.org/entity/Q35788	Nso
http://www.wikidata.org/entity/Q36032	Moundang
http://www.wikidata.org/entity/Q36594	Northwest Gbaya
http://www.wikidata.org/entity/Q36632	Nen
http://www.wikidata.org/entity/Q56251	Kera
http://www.wikidata.org/entity/Q13211	Ruthenian
http://www.wikidata.org/entity/Q56422	Monégasque
http://www.wikidata.org/entity/Q4400023	Mariupolitan Greek
http://www.wikidata.org/entity/Q56516	Hani
http://www.wikidata.org/entity/Q56807	Pará Arára
http://www.wikidata.org/entity/Q7807680	Timugon
http://www.wikidata.org/entity/Q2714654	Anindilyakwa
http://www.wikidata.org/entity/Q19933293	Northern Luri
http://www.wikidata.org/entity/Q3502294	Nimadi
http://www.wikidata.org/entity/Q12952748	Southern Luri
http://www.wikidata.org/entity/Q977808	Nuxálk
http://www.wikidata.org/entity/Q3339226	Nez Perce
http://www.wikidata.org/entity/Q260942	Transylvanian Saxon
http://www.wikidata.org/entity/Q29977	Gaulish
http://www.wikidata.org/entity/Q1982696	Bangime
http://www.wikidata.org/entity/Q3695193	Kurtöp
http://www.wikidata.org/entity/Q34203	Yaeyama
http://www.wikidata.org/entity/Q2991985	Pumpokol
http://www.wikidata.org/entity/Q27692	Chipewyan
http://www.wikidata.org/entity/Q668284	Gbe
http://www.wikidata.org/entity/Q28466	Pujjukar
http://www.wikidata.org/entity/Q36657	Chagossian Creole
http://www.wikidata.org/entity/Q36946	Warao
http://www.wikidata.org/entity/Q27480	Eyak
http://www.wikidata.org/entity/Q27861	Plains Apache
http://www.wikidata.org/entity/Q5330240	Eastern Kadazan
http://www.wikidata.org/entity/Q2669169	Kristang
http://www.wikidata.org/entity/Q2356391	Aka-Bea
http://www.wikidata.org/entity/Q2670418	Aka-Cari
http://www.wikidata.org/entity/Q2919121	Aka-Jeru
http://www.wikidata.org/entity/Q3436816	Aka-Kede
http://www.wikidata.org/entity/Q3436825	Akar-Bale
http://www.wikidata.org/entity/Q56329630	Mixed Great Andamanese
http://www.wikidata.org/entity/Q56410	S'gaw Karen
http://www.wikidata.org/entity/Q3111827	Semelai
http://www.wikidata.org/entity/Q610586	Chinookan
http://www.wikidata.org/entity/Q1790301	Laurentian
http://www.wikidata.org/entity/Q7121294	Pa'O
http://www.wikidata.org/entity/Q35650	Kenyang
http://www.wikidata.org/entity/Q2669193	Guahibo
http://www.wikidata.org/entity/Q2980421	Cuiba
http://www.wikidata.org/entity/Q33339	Guinea-Bissau Creole
http://www.wikidata.org/entity/Q56628	Gros Ventre
http://www.wikidata.org/entity/Q4901287	Bhariati
http://www.wikidata.org/entity/Q1231805	Proto-Greek
http://www.wikidata.org/entity/Q18210846	Proto-Albanian
http://www.wikidata.org/entity/Q7502	Abanyom
http://www.wikidata.org/entity/Q28026	Akan
http://www.wikidata.org/entity/Q316939	Na'vi
http://www.wikidata.org/entity/Q33436	Laal
http://www.wikidata.org/entity/Q36612	Sherpa
http://www.wikidata.org/entity/Q7989641	Westrobothnian
http://www.wikidata.org/entity/Q36035	Mboshi
http://www.wikidata.org/entity/Q34831	Bono
http://www.wikidata.org/entity/Q395521	Telerin
http://www.wikidata.org/entity/Q7701183	Teonaht
http://www.wikidata.org/entity/Q11330223	Hymmnos
http://www.wikidata.org/entity/Q13196	Rajasthani
http://www.wikidata.org/entity/Q5128303	Classical Mongolian
http://www.wikidata.org/entity/Q13155057	Ndebele
http://www.wikidata.org/entity/Q34014	Swazi
http://www.wikidata.org/entity/Q32730	Dogri
http://www.wikidata.org/entity/Q36584	Livvi-Karelian
http://www.wikidata.org/entity/Q34327	Tsonga
http://www.wikidata.org/entity/Q2605689	She
http://www.wikidata.org/entity/Q3042189	Dzao Min
http://www.wikidata.org/entity/Q8842159	Biao Mon
http://www.wikidata.org/entity/Q36808	Tzeltal
http://www.wikidata.org/entity/Q113988746	Proto-Nuclear Polynesian
http://www.wikidata.org/entity/Q113992941	Proto-Eastern Malayo-Polynesian
http://www.wikidata.org/entity/Q3241731	Gujari
http://www.wikidata.org/entity/Q8821	Montenegrin
http://www.wikidata.org/entity/Q61315051	Medinipuri
http://www.wikidata.org/entity/Q35613	Northern Ndebele
http://www.wikidata.org/entity/Q12642603	Middle Cornish
http://www.wikidata.org/entity/Q48304520	Old Cornish
http://www.wikidata.org/entity/Q2266723	Old Welsh
http://www.wikidata.org/entity/Q1516642	Lebanese Arabic
http://www.wikidata.org/entity/Q2944443	Central Sierra Miwok
http://www.wikidata.org/entity/Q2511476	Tày
http://www.wikidata.org/entity/Q384101	Qatabanian
http://www.wikidata.org/entity/Q35667	Ge'ez
http://www.wikidata.org/entity/Q1032453	Hadramautic
http://www.wikidata.org/entity/Q34138	Tumbuka
http://www.wikidata.org/entity/Q36385	Moabite
http://www.wikidata.org/entity/Q688309	Putèr
http://www.wikidata.org/entity/Q690216	Surmiran
http://www.wikidata.org/entity/Q34333	Nheengatu
http://www.wikidata.org/entity/Q35833	Ladakhi
http://www.wikidata.org/entity/Q13229	Taa
http://www.wikidata.org/entity/Q3787738	Huttese
http://www.wikidata.org/entity/Q115721509	Shyriiwook
http://www.wikidata.org/entity/Q56648	Abinomn
http://www.wikidata.org/entity/Q22007004	Bocce
http://www.wikidata.org/entity/Q115715227	Geonosian
http://www.wikidata.org/entity/Q44268	Moravian
http://www.wikidata.org/entity/Q36670	Pashayi
http://www.wikidata.org/entity/Q34279	Waray
http://www.wikidata.org/entity/Q18415595	Doteli
http://www.wikidata.org/entity/Q1057898	Emilian
http://www.wikidata.org/entity/Q35475	Kabiye
http://www.wikidata.org/entity/Q13307	Nauruan
http://www.wikidata.org/entity/Q33702	Kongo
http://www.wikidata.org/entity/Q36121	Kapampangan
http://www.wikidata.org/entity/Q100103	West Flemish
http://www.wikidata.org/entity/Q12952433	Kondekor
http://www.wikidata.org/entity/Q116075128	early Middle Indo Aryan
http://www.wikidata.org/entity/Q890733	Bohairic
http://www.wikidata.org/entity/Q56684	Lopit
http://www.wikidata.org/entity/Q32689	Wasi-wari
http://www.wikidata.org/entity/Q13479983	Mandi
http://www.wikidata.org/entity/Q36358	Gunu
http://www.wikidata.org/entity/Q36897	Vute
http://www.wikidata.org/entity/Q17455500	Gaddi
http://www.wikidata.org/entity/Q86679962	Old Komi
http://www.wikidata.org/entity/Q16109994	A'ou
http://www.wikidata.org/entity/Q56620	Asa
http://www.wikidata.org/entity/Q1440172	Sac-Fox-Kickapoo
http://www.wikidata.org/entity/Q6744816	Maltese Sign Language
http://www.wikidata.org/entity/Q12953483	Swiss-French Sign Language
http://www.wikidata.org/entity/Q29525	Auslan
http://www.wikidata.org/entity/Q33225	Finnish Sign Language
http://www.wikidata.org/entity/Q35150	Swiss-German Sign Language
http://www.wikidata.org/entity/Q36239	New Zealand Sign Language
http://www.wikidata.org/entity/Q2107617	Flemish Sign Language
http://www.wikidata.org/entity/Q2201099	Dutch Sign Language
http://www.wikidata.org/entity/Q5450448	Finland-Swedish Sign Language
http://www.wikidata.org/entity/Q3100814	Spanish Sign Language
http://www.wikidata.org/entity/Q3915511	Mexican Sign Language
http://www.wikidata.org/entity/Q113195519	Kosovar Sign Language
http://www.wikidata.org/entity/Q33302	French Sign Language
http://www.wikidata.org/entity/Q35768	Catalan Sign Language
http://www.wikidata.org/entity/Q3532774	Tuba
http://www.wikidata.org/entity/Q2984602	Okanagan
http://www.wikidata.org/entity/Q8068234	Zebaki
http://www.wikidata.org/entity/Q10723594	Late Old Swedish
http://www.wikidata.org/entity/Q10725594	Early Modern Swedish
http://www.wikidata.org/entity/Q33256	Bartangi
http://www.wikidata.org/entity/Q13244	Unserdeutsch
http://www.wikidata.org/entity/Q2597566	Rushani
http://www.wikidata.org/entity/Q133943310	Siwkulang 'Amis
http://www.wikidata.org/entity/Q133943062	U Suwal nu i Amisay
http://www.wikidata.org/entity/Q133943348	Farangaw 'Amis
http://www.wikidata.org/entity/Q3541581	Coast Tsimshian
http://www.wikidata.org/entity/Q33291	Fon
http://www.wikidata.org/entity/Q13354	Yucatec Maya
http://www.wikidata.org/entity/Q35172	Makonde
http://www.wikidata.org/entity/Q3436680	Bole
http://www.wikidata.org/entity/Q2669239	Língua Geral Paulista
http://www.wikidata.org/entity/Q1186896	Nawat
http://www.wikidata.org/entity/Q4694612	Agusan
http://www.wikidata.org/entity/Q24906519	Rengmitca
http://www.wikidata.org/entity/Q3540446	Ushoji
http://www.wikidata.org/entity/Q7083390	Old Anatolian Turkish
http://www.wikidata.org/entity/Q2452885	Shauraseni
http://www.wikidata.org/entity/Q5228140	Kuhmareyi
http://www.wikidata.org/entity/Q13600429	Pangwali
http://www.wikidata.org/entity/Q25953	Parthian
http://www.wikidata.org/entity/Q116773276	Proto-Sogdic
http://www.wikidata.org/entity/Q4428414	Solon
http://www.wikidata.org/entity/Q124392511	Calusa
http://www.wikidata.org/entity/Q2143071	Syrian Arabic
http://www.wikidata.org/entity/Q516721	Jilu Mandarin
http://www.wikidata.org/entity/Q181074	Classical Armenian
http://www.wikidata.org/entity/Q56737	Iowa–Otoe–Missouria
http://www.wikidata.org/entity/Q3658580	Alanic
http://www.wikidata.org/entity/Q35403	Hyam
http://www.wikidata.org/entity/Q2629019	Gallo-Italic of Sicily
http://www.wikidata.org/entity/Q7881036	Uma
http://www.wikidata.org/entity/Q56489	Tat
http://www.wikidata.org/entity/Q56357	Sukte
http://www.wikidata.org/entity/Q56574	Najdi Arabic
http://www.wikidata.org/entity/Q1366643	Swiss Standard German
http://www.wikidata.org/entity/Q35006	Balanta
http://www.wikidata.org/entity/Q2017605	English
http://www.wikidata.org/entity/Q33484	Fang
http://www.wikidata.org/entity/Q37041	Classical Chinese
http://www.wikidata.org/entity/Q5051602	Catawba
http://www.wikidata.org/entity/Q56714	Bedawi Arabic
http://www.wikidata.org/entity/Q35143	Dahalo
http://www.wikidata.org/entity/Q137690828	Dezfuli-Shushtari
http://www.wikidata.org/entity/Q48816637	Rouran
http://www.wikidata.org/entity/Q4448647	Xianbei
http://www.wikidata.org/entity/Q10901674	Xiongnu
http://www.wikidata.org/entity/Q6444696	Kunimaipa
http://www.wikidata.org/entity/Q2841465	Amba
http://www.wikidata.org/entity/Q3073568	Abau
http://www.wikidata.org/entity/Q4734726	Aloápam Zapotec
http://www.wikidata.org/entity/Q4740613	Amatlán Zapotec
http://www.wikidata.org/entity/Q4831570	Ayoquesco Zapotec
http://www.wikidata.org/entity/Q5528771	Gayil
http://www.wikidata.org/entity/Q12645368	Yareni Zapotec
http://www.wikidata.org/entity/Q12645588	Sierra de Juárez Zapotec
http://www.wikidata.org/entity/Q34781	Abidji
http://www.wikidata.org/entity/Q34833	Abé
http://www.wikidata.org/entity/Q35311	Dime
http://www.wikidata.org/entity/Q35764	Hamer
http://www.wikidata.org/entity/Q2445129	Kubachi
http://www.wikidata.org/entity/Q5101803	Chirag
http://www.wikidata.org/entity/Q137787209	Pantelleria Arabic
http://www.wikidata.org/entity/Q6418846	Kiwai
http://www.wikidata.org/entity/Q34239	Konkani
http://www.wikidata.org/entity/Q1199226	Kipchak
http://www.wikidata.org/entity/Q16646278	Yenisei Kyrgyz
http://www.wikidata.org/entity/Q25502	Khorezmian Turkic
http://www.wikidata.org/entity/Q3398419	Vanji
http://www.wikidata.org/entity/Q56948	Palestinian Arabic
http://www.wikidata.org/entity/Q6392859	Kenyan Sign Language
http://www.wikidata.org/entity/Q14183	Irish Sign Language
http://www.wikidata.org/entity/Q257829	Bakhtiari
http://www.wikidata.org/entity/Q2863483	Arosi
http://www.wikidata.org/entity/Q3218574	Lau
http://www.wikidata.org/entity/Q3347266	Kumak
http://www.wikidata.org/entity/Q3399717	Agutaynen
http://www.wikidata.org/entity/Q3915414	Duri
http://www.wikidata.org/entity/Q5464843	Folopa
http://www.wikidata.org/entity/Q6480777	Lamaholot
http://www.wikidata.org/entity/Q11252539	Abipón
http://www.wikidata.org/entity/Q35771	Kapingamarangi
http://www.wikidata.org/entity/Q33052	Bemba
http://www.wikidata.org/entity/Q3138832	Northern Qiandong Miao
http://www.wikidata.org/entity/Q3472220	Sanglechi
http://www.wikidata.org/entity/Q16421743	Makan
http://www.wikidata.org/entity/Q33740	Ormuri
http://www.wikidata.org/entity/Q9303	Bosnian
http://www.wikidata.org/entity/Q1503113	Late Latin
http://www.wikidata.org/entity/Q9043	Norwegian
http://www.wikidata.org/entity/Q34738	Adjukru
http://www.wikidata.org/entity/Q34840	Avikam
http://www.wikidata.org/entity/Q33603	Gusii
http://www.wikidata.org/entity/Q34767	Abure
http://www.wikidata.org/entity/Q1338638	Them
http://www.wikidata.org/entity/Q26205338	Q26205338
http://www.wikidata.org/entity/Q34844	Attié
http://www.wikidata.org/entity/Q28508	Holikachuk
http://www.wikidata.org/entity/Q56552	Bura
http://www.wikidata.org/entity/Q36147	Mizo
http://www.wikidata.org/entity/Q3915769	Jambi Malay
http://www.wikidata.org/entity/Q197936	Abenaki
http://www.wikidata.org/entity/Q121337926	Middle Mon
http://www.wikidata.org/entity/Q11031964	Mono
http://www.wikidata.org/entity/Q4885023	Bembe
http://www.wikidata.org/entity/Q7070879	Nyanga
http://www.wikidata.org/entity/Q36613	Temne
http://www.wikidata.org/entity/Q12473466	Sanggau
http://www.wikidata.org/entity/Q29507	Asturian
http://www.wikidata.org/entity/Q30239	Chinese Wikipedia
http://www.wikidata.org/entity/Q141443532	Yaayuwee
http://www.wikidata.org/entity/Q33363	Irula
http://www.wikidata.org/entity/Q14531212	Semnani
http://www.wikidata.org/entity/Q1075302	Arbëresh
